{
  "project_info": {
    "project_number": "1007198192308",
    "firebase_url": "https://park1st-app-default-rtdb.firebaseio.com",
    "project_id": "park1st-app",
    "storage_bucket": "park1st-app.appspot.com"
  },
  "client": [
    {
      "client_info": {
        "mobilesdk_app_id": "1:1007198192308:android:c737082320cb6fde7b4de1",
        "android_client_info": {
          "package_name": "com.dev175.agent"
        }
      },
      "oauth_client": [
        {
          "client_id": "1007198192308-ahfn08m510fcj4h6g2qr2kte19vtadbs.apps.googleusercontent.com",
          "client_type": 3
        }
      ],
      "api_key": [
        {
          "current_key": "AIzaSyAYNFMZbdnLiiQtWFqr2rCCUn77lVo3MCg"
        }
      ],
      "services": {
        "appinvite_service": {
          "other_platform_oauth_client": [
            {
              "client_id": "1007198192308-ahfn08m510fcj4h6g2qr2kte19vtadbs.apps.googleusercontent.com",
              "client_type": 3
            }
          ]
        }
      }
    },
    {
      "client_info": {
        "mobilesdk_app_id": "1:1007198192308:android:522be575554826237b4de1",
        "android_client_info": {
          "package_name": "com.dev175.user"
        }
      },
      "oauth_client": [
        {
          "client_id": "1007198192308-ahfn08m510fcj4h6g2qr2kte19vtadbs.apps.googleusercontent.com",
          "client_type": 3
        }
      ],
      "api_key": [
        {
          "current_key": "AIzaSyAYNFMZbdnLiiQtWFqr2rCCUn77lVo3MCg"
        }
      ],
      "services": {
        "appinvite_service": {
          "other_platform_oauth_client": [
            {
              "client_id": "1007198192308-ahfn08m510fcj4h6g2qr2kte19vtadbs.apps.googleusercontent.com",
              "client_type": 3
            }
          ]
        }
      }
    }
  ],
  "configuration_version": "1"
}